{"cameraMode":{"drawMode":0,"name":"Shaded","section":"Shading Mode"},"sceneLighting":true,"audioPlay":false,"sceneViewState":{"showFog":true,"showMaterialUpdate":false,"showSkybox":true,"showFlares":true,"showImageEffects":true,"showParticleSystems":true},"in2DMode":false,"pivot":{"x":-132.31263732910157,"y":2.5034732818603517,"z":-256.7587585449219},"rotation":{"x":-0.003758227452635765,"y":-0.9628170132637024,"z":0.26990023255348208,"w":-0.013502465561032296},"size":40.81943130493164,"orthographic":false}