{"cameraMode":{"drawMode":0,"name":"Shaded","section":"Shading Mode"},"sceneLighting":true,"audioPlay":false,"sceneViewState":{"showFog":true,"showMaterialUpdate":false,"showSkybox":true,"showFlares":true,"showImageEffects":true,"showParticleSystems":true},"in2DMode":false,"pivot":{"x":-125.19190979003906,"y":1.0629167556762696,"z":-175.9543914794922},"rotation":{"x":0.12088058143854141,"y":-0.8740053176879883,"z":0.2784261703491211,"w":0.3794679343700409},"size":19.65911865234375,"orthographic":false}