{"cameraMode":{"drawMode":0,"name":"Shaded","section":"Shading Mode"},"sceneLighting":true,"audioPlay":false,"sceneViewState":{"showFog":true,"showMaterialUpdate":false,"showSkybox":true,"showFlares":true,"showImageEffects":true,"showParticleSystems":true},"in2DMode":false,"pivot":{"x":-51.997528076171878,"y":-1.8777523040771485,"z":-251.17111206054688},"rotation":{"x":-0.06713291257619858,"y":-0.9291470646858215,"z":0.29660528898239138,"w":-0.21028569340705872},"size":18.766569137573243,"orthographic":false}