{"cameraMode":{"drawMode":0,"name":"Shaded","section":"Shading Mode"},"sceneLighting":true,"audioPlay":false,"sceneViewState":{"showFog":true,"showMaterialUpdate":false,"showSkybox":true,"showFlares":true,"showImageEffects":true,"showParticleSystems":true},"in2DMode":false,"pivot":{"x":-206.2349395751953,"y":0.6254963278770447,"z":-242.7992706298828},"rotation":{"x":0.2446540892124176,"y":0.6697834134101868,"z":-0.2501981854438782,"w":0.6549414396286011},"size":34.800453186035159,"orthographic":false}