{"cameraMode":{"drawMode":0,"name":"Shaded","section":"Shading Mode"},"sceneLighting":true,"audioPlay":false,"sceneViewState":{"showFog":true,"showMaterialUpdate":false,"showSkybox":true,"showFlares":true,"showImageEffects":true,"showParticleSystems":true},"in2DMode":false,"pivot":{"x":-59.79467010498047,"y":3.387071371078491,"z":-213.46331787109376},"rotation":{"x":-0.002615811536088586,"y":0.9968509674072266,"z":-0.06979353725910187,"w":-0.03810601308941841},"size":22.0,"orthographic":false}