{"cameraMode":{"drawMode":0,"name":"Shaded","section":"Shading Mode"},"sceneLighting":true,"audioPlay":false,"sceneViewState":{"showFog":true,"showMaterialUpdate":false,"showSkybox":true,"showFlares":true,"showImageEffects":true,"showParticleSystems":true},"in2DMode":false,"pivot":{"x":-133.45001220703126,"y":0.7000004053115845,"z":-139.95999145507813},"rotation":{"x":0.19456396996974946,"y":0.2776549458503723,"z":-0.05753321945667267,"w":0.9390186667442322},"size":4.929484844207764,"orthographic":false}