{"cameraMode":{"drawMode":0,"name":"Shaded","section":"Shading Mode"},"sceneLighting":true,"audioPlay":false,"sceneViewState":{"showFog":true,"showMaterialUpdate":false,"showSkybox":true,"showFlares":true,"showImageEffects":true,"showParticleSystems":true},"in2DMode":false,"pivot":{"x":-184.34518432617188,"y":-16.96804428100586,"z":-172.6729736328125},"rotation":{"x":0.22999818623065949,"y":0.0432853102684021,"z":-0.010242107324302197,"w":0.9721778631210327},"size":152.72755432128907,"orthographic":false}