{"cameraMode":{"drawMode":0,"name":"Shaded","section":"Shading Mode"},"sceneLighting":true,"audioPlay":false,"sceneViewState":{"showFog":true,"showMaterialUpdate":false,"showSkybox":true,"showFlares":true,"showImageEffects":true,"showParticleSystems":true},"in2DMode":false,"pivot":{"x":-50.26052474975586,"y":0.7373015880584717,"z":-243.5492706298828},"rotation":{"x":0.10267245024442673,"y":-0.8874881863594055,"z":0.2398962676525116,"w":0.379833459854126},"size":7.056972026824951,"orthographic":false}