{"cameraMode":{"drawMode":0,"name":"Shaded","section":"Shading Mode"},"sceneLighting":false,"audioPlay":false,"sceneViewState":{"showFog":true,"showMaterialUpdate":false,"showSkybox":true,"showFlares":true,"showImageEffects":true,"showParticleSystems":true},"in2DMode":false,"pivot":{"x":513.3203125,"y":1.4058208465576172,"z":4.615117073059082},"rotation":{"x":0.40739935636520388,"y":0.21215933561325074,"z":-0.0978514552116394,"w":0.8829010725021362},"size":4.1727986335754398,"orthographic":false}