{"cameraMode":{"drawMode":0,"name":"Shaded","section":"Shading Mode"},"sceneLighting":false,"audioPlay":false,"sceneViewState":{"showFog":true,"showMaterialUpdate":false,"showSkybox":true,"showFlares":true,"showImageEffects":true,"showParticleSystems":true},"in2DMode":false,"pivot":{"x":115.81780242919922,"y":142.4514617919922,"z":952.63720703125},"rotation":{"x":0.5029205679893494,"y":0.3106224536895752,"z":-0.19985553622245789,"w":0.7814837098121643},"size":593.0175170898438,"orthographic":false}