{"cameraMode":{"drawMode":0,"name":"Shaded","section":"Shading Mode"},"sceneLighting":false,"audioPlay":false,"sceneViewState":{"showFog":true,"showMaterialUpdate":false,"showSkybox":true,"showFlares":true,"showImageEffects":true,"showParticleSystems":true},"in2DMode":false,"pivot":{"x":519.4391479492188,"y":7.499917507171631,"z":26.24602508544922},"rotation":{"x":0.11898460239171982,"y":-0.21243129670619965,"z":0.026085373014211656,"w":0.9695801734924316},"size":43.25727844238281,"orthographic":false}