{"cameraMode":{"drawMode":0,"name":"Shaded","section":"Shading Mode"},"sceneLighting":false,"audioPlay":false,"sceneViewState":{"showFog":true,"showMaterialUpdate":false,"showSkybox":true,"showFlares":true,"showImageEffects":true,"showParticleSystems":true},"in2DMode":false,"pivot":{"x":95.40625762939453,"y":-1.6865234375,"z":115.513671875},"rotation":{"x":-0.29108357429504397,"y":-0.031006939709186555,"z":0.009359798394143582,"w":-0.9562091827392578},"size":2910.6943359375,"orthographic":false}