{"cameraMode":{"drawMode":0,"name":"Shaded","section":"Shading Mode"},"sceneLighting":false,"audioPlay":false,"sceneViewState":{"showFog":true,"showMaterialUpdate":false,"showSkybox":true,"showFlares":true,"showImageEffects":true,"showParticleSystems":true},"in2DMode":false,"pivot":{"x":515.1712646484375,"y":-3.0651679039001467,"z":34.328651428222659},"rotation":{"x":0.14974258840084077,"y":0.01069125346839428,"z":-0.0015828877221792937,"w":0.9887037873268127},"size":51.02104568481445,"orthographic":false}