{"cameraMode":{"drawMode":0,"name":"Shaded","section":"Shading Mode"},"sceneLighting":false,"audioPlay":false,"sceneViewState":{"showFog":true,"showMaterialUpdate":false,"showSkybox":true,"showFlares":true,"showImageEffects":true,"showParticleSystems":true},"in2DMode":false,"pivot":{"x":517.0377807617188,"y":-1.7901420593261719,"z":19.198923110961915},"rotation":{"x":0.1916881501674652,"y":0.09582837671041489,"z":-0.01878497377038002,"w":0.9766218066215515},"size":27.04155731201172,"orthographic":false}