{"cameraMode":{"drawMode":0,"name":"Shaded","section":"Shading Mode"},"sceneLighting":false,"audioPlay":false,"sceneViewState":{"showFog":true,"showMaterialUpdate":false,"showSkybox":true,"showFlares":true,"showImageEffects":true,"showParticleSystems":true},"in2DMode":false,"pivot":{"x":27.239866256713868,"y":1.3700000047683716,"z":0.4700000286102295},"rotation":{"x":-0.19256505370140077,"y":-0.01854795590043068,"z":0.0036399634554982187,"w":-0.981103777885437},"size":2.8578836917877199,"orthographic":false}