{"cameraMode":{"drawMode":0,"name":"Shaded","section":"Shading Mode"},"sceneLighting":false,"audioPlay":false,"sceneViewState":{"showFog":true,"showMaterialUpdate":false,"showSkybox":true,"showFlares":true,"showImageEffects":true,"showParticleSystems":true},"in2DMode":false,"pivot":{"x":510.9546813964844,"y":1.172696590423584,"z":4.660820484161377},"rotation":{"x":0.32824525237083437,"y":0.09782794862985611,"z":-0.03417251259088516,"w":0.9389309287071228},"size":9.02419376373291,"orthographic":false}