{"cameraMode":{"drawMode":0,"name":"Shaded","section":"Shading Mode"},"sceneLighting":false,"audioPlay":false,"sceneViewState":{"showFog":true,"showMaterialUpdate":false,"showSkybox":true,"showFlares":true,"showImageEffects":true,"showParticleSystems":true},"in2DMode":false,"pivot":{"x":511.2004089355469,"y":2.889371633529663,"z":5.70920991897583},"rotation":{"x":0.22072860598564149,"y":0.10250087082386017,"z":-0.023303478956222535,"w":0.9696925282478333},"size":8.134224891662598,"orthographic":false}