{"cameraMode":{"drawMode":0,"name":"Shaded","section":"Shading Mode"},"sceneLighting":true,"audioPlay":false,"sceneViewState":{"showFog":true,"showMaterialUpdate":true,"showSkybox":true,"showFlares":true,"showImageEffects":true,"showParticleSystems":true},"in2DMode":false,"pivot":{"x":537.6561279296875,"y":-0.7220115661621094,"z":220.51864624023438},"rotation":{"x":0.5661481618881226,"y":-0.0046830871142446999,"z":0.0032388116233050825,"w":0.8243293762207031},"size":1081.4144287109375,"orthographic":false}