{"cameraMode":{"drawMode":0,"name":"Shaded","section":"Shading Mode"},"sceneLighting":false,"audioPlay":false,"sceneViewState":{"showFog":true,"showMaterialUpdate":false,"showSkybox":true,"showFlares":true,"showImageEffects":true,"showParticleSystems":true},"in2DMode":false,"pivot":{"x":489.2120666503906,"y":100.35993194580078,"z":424.1058349609375},"rotation":{"x":0.6494349241256714,"y":0.0013901498168706895,"z":-0.0011550531489774585,"w":0.7604637145996094},"size":837.071533203125,"orthographic":false}