{"cameraMode":{"drawMode":0,"name":"Shaded","section":"Shading Mode"},"sceneLighting":false,"audioPlay":false,"sceneViewState":{"showFog":true,"showMaterialUpdate":false,"showSkybox":false,"showFlares":true,"showImageEffects":true,"showParticleSystems":true},"in2DMode":false,"pivot":{"x":0.0033864378929138185,"y":0.7548649907112122,"z":0.0},"rotation":{"x":0.24188964068889619,"y":-0.21189340949058534,"z":0.054219573736190799,"w":0.9453462362289429},"size":8.71477222442627,"orthographic":false}